Rk,Season,Tm,Lg,G,W,L,FG,FGA,THREEP,THREEPA,FT,FTA,ORB,DRB,TRB,AST,STL,BLK,TOV,PF,OFGM,OFGA,OFTM,OFTA,O3PM,O3PA,OppORB,OppDRB,OppAsst,OppSTL,OppBlk,OppTOV,OppPF
159,2001-02,ATL,NBA,82,33,49,2901,6610,423,1194,1486,1942,955,2445,3400,1656,667,350,1275,1702,3065,6674,1456,1956,472,1329,1004,2523,1856,703,508,1177,1647
51,2001-02,BOS,NBA,82,49,33,2852,6731,699,1946,1498,1960,891,2570,3461,1722,793,292,1114,1776,2797,6578,1612,2091,514,1511,954,2807,1802,623,474,1284,1733
233,2001-02,CHI,NBA,82,21,61,2811,6491,300,868,1413,1958,924,2359,3283,1817,633,361,1252,1834,3027,6514,1560,2090,421,1176,944,2553,2066,681,399,1122,1716
125,2001-02,CLE,NBA,82,29,53,2948,6582,387,1026,1529,1980,968,2483,3451,1891,572,470,1196,1752,3053,6678,1506,2014,473,1200,928,2382,1989,602,459,1018,1638
53,2001-02,DAL,NBA,82,57,25,3200,6930,621,1645,1608,1994,918,2568,3486,1811,581,392,992,1842,3094,6851,1640,2184,452,1293,1065,2600,1865,589,377,1121,1784
255,2001-02,DEN,NBA,82,27,55,2915,6870,423,1285,1306,1756,1117,2310,3427,1817,613,462,1205,1873,3005,6540,1602,2144,424,1173,995,2529,1968,671,561,1122,1645
228,2001-02,DET,NBA,82,50,32,2845,6300,567,1509,1478,1954,810,2366,3176,1765,648,565,1193,1695,2926,6544,1349,1787,359,993,991,2511,1637,651,334,1207,1872
114,2001-02,GSW,NBA,82,21,61,2998,6989,320,994,1693,2344,1334,2493,3827,1706,650,523,1378,1884,3213,6993,1622,2125,404,1162,1100,2450,2002,706,516,1132,1946
189,2001-02,HOU,NBA,82,28,54,2837,6629,496,1480,1402,1893,1025,2411,3436,1482,537,445,1156,1476,3191,6875,1221,1623,370,1028,1045,2507,1838,576,414,949,1647
52,2001-02,IND,NBA,82,42,40,2935,6580,405,1195,1663,2155,930,2568,3498,1884,658,436,1249,1876,2977,6800,1544,2062,418,1200,1048,2514,1771,618,465,1120,1855
132,2001-02,LAC,NBA,82,39,43,2970,6668,408,1147,1498,2026,1083,2474,3557,1714,510,540,1214,1624,3074,6866,1329,1783,407,1145,1064,2379,1859,612,439,1009,1775
36,2001-02,LAL,NBA,82,58,24,3150,6840,510,1439,1494,2138,1022,2607,3629,1882,625,478,1040,1823,2872,6777,1577,2072,399,1259,1016,2526,1643,586,352,1100,1888
187,2001-02,MEM,NBA,82,23,59,2851,6535,336,1096,1334,1883,984,2413,3397,1785,646,488,1344,1571,3119,6830,1346,1788,398,1112,1135,2560,1960,781,455,1164,1783
72,2001-02,MIA,NBA,82,36,46,2801,6382,312,899,1236,1708,902,2544,3446,1664,547,448,1217,1846,2666,6279,1565,2127,379,1109,894,2484,1461,620,353,1073,1707
64,2001-02,MIL,NBA,82,41,41,3041,6577,593,1583,1321,1767,841,2557,3398,1847,596,388,1157,1788,3016,6846,1489,1967,493,1377,1050,2438,1884,599,361,993,1641
59,2001-02,MIN,NBA,82,50,32,3175,6887,396,1047,1399,1754,1059,2562,3621,1993,524,427,1097,1739,2962,6654,1452,1958,492,1321,912,2326,1855,542,407,1036,1674
95,2001-02,NJN,NBA,82,52,30,3042,6816,403,1194,1402,1907,1039,2515,3554,1990,716,490,1189,1734,2858,6668,1423,1890,409,1175,999,2517,1563,669,440,1243,1668
105,2001-02,NOH,NBA,82,44,38,2893,6580,346,994,1568,2105,1059,2505,3564,1759,653,456,1150,1747,2850,6594,1488,1938,433,1156,963,2399,1639,625,426,1074,1702
142,2001-02,NYK,NBA,82,30,52,2817,6520,474,1344,1406,1786,876,2458,3334,1720,558,288,1192,1800,2924,6570,1550,2047,443,1256,959,2540,1762,686,385,1059,1668
165,2001-02,ORL,NBA,82,44,38,3087,6893,620,1660,1446,1917,942,2440,3382,1804,665,384,1119,1700,3116,6830,1470,1994,409,1161,1086,2633,1929,658,383,1241,1737
82,2001-02,PHI,NBA,82,43,39,2804,6436,214,715,1639,2104,1092,2534,3626,1638,705,363,1256,1645,2771,6500,1350,1798,438,1322,981,2348,1767,654,458,1146,1826
173,2001-02,PHO,NBA,82,36,46,3097,6934,358,1096,1250,1630,1072,2429,3501,1838,668,401,1205,1785,2957,6663,1511,2013,433,1208,1030,2493,1821,685,474,1200,1520
161,2001-02,POR,NBA,82,49,33,3004,6671,466,1318,1451,1901,1085,2444,3529,1926,702,368,1172,1613,2951,6508,1312,1771,466,1285,890,2328,1945,613,409,1147,1650
7,2001-02,SAC,NBA,82,61,21,3267,7003,426,1160,1618,2154,1013,2702,3715,1958,741,375,1128,1560,3128,7108,1312,1764,386,1145,1065,2617,1839,633,387,1197,1826
55,2001-02,SAS,NBA,82,58,24,2913,6363,438,1211,1668,2249,907,2566,3473,1643,625,537,1180,1575,2883,6775,1283,1651,374,1108,1003,2429,1543,635,427,1128,1893
249,2001-02,SOK,NBA,82,45,37,3131,6681,489,1292,1263,1672,968,2333,3301,1926,698,364,1124,1732,2966,6605,1362,1844,472,1374,1091,2326,1832,568,400,1205,1627
246,2001-02,TOR,NBA,82,42,40,2919,6727,387,1109,1269,1717,1114,2336,3450,1779,688,454,1174,1771,2820,6390,1513,2011,377,1089,995,2436,1629,628,383,1191,1613
239,2001-02,UTA,NBA,82,44,38,2869,6374,280,842,1853,2430,1109,2349,3458,1999,749,523,1353,1971,2777,6216,1779,2308,465,1215,927,2204,1585,747,543,1328,2070
201,2001-02,WAS,NBA,82,37,45,2938,6664,305,786,1428,1866,1055,2393,3448,1715,570,354,1068,1763,2953,6534,1396,1849,422,1191,960,2376,1818,574,414,1062,1711
62,2002-03,ATL,NBA,82,35,47,2859,6434,402,1141,1594,2011,937,2558,3495,1679,611,473,1367,1783,3015,6907,1530,2013,446,1243,1072,2420,1771,738,399,1020,1668
136,2002-03,BOS,NBA,82,44,38,2700,6509,719,2155,1480,1994,849,2471,3320,1575,720,303,1147,1758,2804,6450,1560,2084,463,1400,937,2750,1824,617,368,1256,1798
77,2002-03,CHI,NBA,82,30,52,2991,6714,349,997,1455,2014,985,2541,3526,1782,605,461,1388,2028,2991,6817,1794,2394,431,1333,1117,2572,1949,769,413,1163,1795
76,2002-03,CLE,NBA,82,17,65,2850,6746,293,896,1502,2012,1118,2542,3660,1712,636,521,1501,1864,3072,6786,1712,2219,428,1197,932,2491,1972,802,486,1112,1709
73,2002-03,DAL,NBA,82,60,22,3161,6982,636,1668,1486,1793,912,2544,3456,1837,665,449,949,1730,2926,6687,1477,2032,477,1401,1045,2681,1781,546,318,1259,1744
229,2002-03,DEN,NBA,82,17,65,2689,6544,229,824,1294,1850,1112,2363,3475,1737,712,422,1514,2056,2696,6087,1768,2337,420,1134,861,2443,1764,742,532,1339,1788
158,2002-03,DET,NBA,82,50,32,2700,6277,533,1488,1559,2021,883,2445,3328,1620,556,468,1104,1748,2744,6269,1413,1895,289,839,859,2528,1500,568,344,1098,1903
70,2002-03,GSW,NBA,82,38,44,3061,6941,425,1235,1853,2382,1284,2546,3830,1712,594,506,1295,1786,3240,7175,1575,2084,438,1177,1204,2388,1934,710,490,1083,1937
57,2002-03,HOU,NBA,82,43,39,2840,6461,439,1267,1569,2044,1024,2564,3588,1506,594,493,1276,1602,2891,6681,1399,1805,386,1113,979,2353,1683,663,378,1041,1794
28,2002-03,IND,NBA,82,48,34,2911,6608,379,1119,1739,2271,1004,2622,3626,1910,696,443,1210,1811,2860,6690,1527,1992,407,1197,1006,2458,1696,621,506,1208,1922
140,2002-03,LAC,NBA,82,27,55,2835,6490,390,1178,1633,2177,1008,2462,3470,1605,574,461,1291,1784,3035,6787,1507,1946,454,1244,1046,2460,1840,652,418,1099,1843
67,2002-03,LAL,NBA,82,50,32,3091,6856,486,1367,1562,2129,1078,2554,3632,1909,639,470,1192,1874,2976,6725,1622,2133,465,1223,958,2494,1753,644,308,1134,1915
138,2002-03,MEM,NBA,82,28,54,3049,6743,467,1279,1430,1936,943,2466,3409,1892,651,500,1262,1678,3224,7008,1381,1819,431,1188,1126,2555,1991,714,424,1172,1781
139,2002-03,MIA,NBA,82,25,57,2688,6517,348,1100,1292,1689,948,2464,3412,1501,592,324,1167,1856,2713,6208,1598,2129,406,1149,872,2587,1482,626,437,1117,1671
224,2002-03,MIL,NBA,82,42,40,3045,6670,585,1526,1483,1911,876,2367,3243,1823,622,344,1044,1820,3043,6642,1574,2114,479,1278,1022,2540,1892,543,322,1118,1685
34,2002-03,MIN,NBA,82,51,31,3172,6809,296,804,1406,1826,959,2614,3573,2070,553,433,1124,1704,3005,6873,1394,1853,469,1346,974,2444,1871,571,398,1064,1686
86,2002-03,NJN,NBA,82,49,33,2906,6585,346,1041,1662,2195,991,2528,3519,1887,717,374,1212,1772,2757,6461,1453,1941,425,1185,932,2461,1607,693,421,1298,1877
130,2002-03,NOH,NBA,82,47,35,2914,6695,404,1075,1467,1910,1097,2475,3572,1807,656,394,1212,1769,2857,6518,1474,1925,338,1001,909,2368,1630,647,427,1159,1754
219,2002-03,NYK,NBA,82,37,45,2967,6725,606,1582,1320,1620,842,2376,3218,1800,579,255,1149,1888,2961,6478,1691,2193,358,1053,935,2613,1732,627,297,1133,1630
203,2002-03,ORL,NBA,82,42,40,2947,6763,568,1590,1616,2079,958,2392,3350,1676,696,300,1177,1888,3007,6602,1648,2150,405,1212,970,2596,1837,643,407,1285,1824
185,2002-03,PHI,NBA,82,48,34,2975,6640,245,787,1746,2253,1042,2415,3457,1771,844,284,1212,1804,2876,6363,1547,2035,453,1278,908,2400,1809,639,506,1355,1884
166,2002-03,PHO,NBA,82,44,38,3005,6776,394,1149,1430,1928,1049,2440,3489,1719,665,404,1208,1801,2913,6658,1479,1933,436,1361,1031,2486,1824,639,446,1240,1763
216,2002-03,POR,NBA,82,50,32,2987,6491,379,1150,1450,1947,992,2378,3370,1860,725,316,1248,1634,2942,6540,1267,1659,437,1285,913,2291,1863,681,394,1201,1670
65,2002-03,SAS,NBA,82,60,22,2908,6297,449,1270,1591,2194,939,2556,3495,1636,629,529,1295,1672,2991,7125,1454,1962,373,1166,1145,2614,1758,684,351,1195,1635
208,2002-03,SOK,NBA,82,40,42,2887,6599,456,1291,1325,1780,963,2385,3348,1775,679,295,1085,1712,2862,6703,1334,1737,354,1043,1029,2322,1559,665,422,1177,1914
235,2002-03,TOR,NBA,82,24,58,2847,6664,409,1193,1350,1879,1023,2355,3378,1583,609,392,1181,1761,2871,6424,1351,1821,472,1371,938,2462,1703,500,410,1158,1671
211,2002-03,UTA,NBA,82,47,35,2894,6189,224,641,1750,2349,1021,2381,3402,2103,708,467,1374,1837,3037,6592,1490,1964,370,986,976,2601,1729,604,403,1079,1701
200,2002-03,WAS,NBA,82,37,45,2816,6394,253,811,1617,2077,917,2395,3312,1612,621,390,1095,1644,2751,6346,1627,2143,437,1251,1011,2120,1601,723,429,1253,1950
1,2002-03,SAC,NBA,82,59,23,3242,6990,491,1288,1367,1832,900,2751,3651,2034,735,457,1192,1666,2877,6507,1382,1792,449,1242,949,2447,1776,612,346,1112,1804
102,2003-04,ATL,NBA,82,28,54,2829,6529,419,1249,1534,1976,996,2507,3503,1648,627,408,1350,1826,2968,6740,1574,2072,482,1345,1048,2485,1803,731,409,1086,1699
167,2003-04,BOS,NBA,82,36,46,2843,6415,553,1599,1572,2095,851,2440,3291,1683,770,331,1332,1837,2894,6627,1587,2157,555,1534,1070,2524,1882,719,407,1334,1819
91,2003-04,CHI,NBA,82,23,59,2798,6753,429,1256,1330,1834,1048,2519,3567,1793,659,396,1321,1911,2882,6611,1673,2238,439,1236,1011,2682,1890,694,442,1190,1684
30,2003-04,CLE,NBA,82,35,47,2922,6753,247,786,1528,2030,1118,2619,3737,1808,585,537,1216,1743,2956,6759,1491,1990,431,1162,970,2474,1783,635,434,1018,1655
79,2003-04,DAL,NBA,82,52,30,3322,7230,507,1456,1475,1854,1174,2538,3712,1963,656,437,1000,1609,3133,6824,1462,1960,534,1471,1009,2562,1937,582,382,1178,1689
206,2003-04,DEN,NBA,82,43,39,2993,6763,331,985,1655,2159,1083,2387,3470,1794,745,520,1278,1804,3019,6662,1470,2020,376,1056,1056,2465,1931,664,479,1343,1895
117,2003-04,DET,NBA,82,54,28,2747,6314,333,968,1561,2074,1014,2492,3506,1702,659,570,1241,1664,2633,6378,1287,1730,356,1180,980,2353,1561,647,410,1209,1877
83,2003-04,GSW,NBA,82,37,45,2875,6511,429,1283,1470,2028,1002,2533,3535,1681,576,389,1211,1691,2948,6630,1399,1875,414,1107,981,2532,1762,666,417,1101,1801
22,2003-04,HOU,NBA,82,45,37,2738,6195,515,1406,1371,1774,847,2647,3494,1579,560,443,1373,1762,2636,6405,1491,2024,457,1227,908,2351,1689,710,359,1048,1694
152,2003-04,IND,NBA,82,61,21,2753,6322,449,1281,1538,2014,965,2452,3417,1774,726,411,1182,1709,2671,6179,1350,1800,329,1014,867,2423,1649,581,513,1242,1794
184,2003-04,LAC,NBA,82,28,54,2817,6579,329,1024,1808,2302,1149,2416,3565,1653,594,376,1344,1816,3075,6687,1545,2086,452,1256,1033,2358,1874,693,437,1070,1861
81,2003-04,LAL,NBA,82,56,26,3028,6676,365,1115,1631,2352,1001,2535,3536,1948,682,379,1132,1732,2920,6640,1472,1964,420,1247,922,2558,1708,616,308,1186,2023
210,2003-04,MEM,NBA,82,50,32,2963,6657,447,1314,1557,2143,1047,2381,3428,1915,795,565,1226,1903,2859,6550,1643,2150,369,1091,1098,2508,1674,673,461,1319,1888
141,2003-04,MIA,NBA,82,42,40,2729,6417,485,1357,1459,1915,940,2459,3399,1565,590,313,1137,1812,2658,6206,1612,2100,431,1256,893,2486,1525,578,439,1161,1728
106,2003-04,MIL,NBA,82,41,41,2970,6650,401,1145,1698,2192,960,2502,3462,1872,554,383,1110,1668,3034,6719,1428,1932,456,1296,983,2521,1870,615,405,1115,1877
23,2003-04,MIN,NBA,82,58,24,3033,6571,326,897,1361,1743,875,2645,3520,1890,561,462,1043,1731,2741,6625,1426,1893,395,1181,1001,2399,1701,547,296,1051,1653
135,2003-04,NJN,NBA,82,47,35,2813,6372,377,1123,1398,1856,862,2473,3335,2009,709,322,1209,1722,2693,6303,1392,1830,418,1193,874,2471,1627,656,374,1243,1739
183,2003-04,NOH,NBA,82,41,41,2772,6605,531,1666,1454,1937,1091,2418,3509,1716,708,346,1228,1715,2843,6443,1407,1877,444,1301,972,2477,1790,613,429,1204,1734
75,2003-04,NYK,NBA,82,39,43,2881,6513,406,1115,1374,1732,950,2543,3493,1695,608,391,1289,1897,2785,6491,1678,2198,415,1228,950,2444,1676,675,384,1079,1599
238,2003-04,ORL,NBA,82,21,61,2904,6768,429,1248,1474,2000,1003,2350,3353,1584,547,308,1123,1744,3169,6804,1458,1964,491,1301,1072,2570,2004,625,444,1057,1691
192,2003-04,PHI,NBA,82,33,49,2682,6260,339,992,1512,2009,941,2408,3349,1640,654,358,1307,1701,2751,6369,1474,1982,443,1329,996,2398,1747,678,462,1185,1757
193,2003-04,PHO,NBA,82,29,53,2958,6671,415,1202,1392,1865,924,2406,3330,1586,734,383,1249,1862,2975,6671,1601,2092,479,1374,1038,2550,1760,649,431,1232,1589
218,2003-04,POR,NBA,82,41,41,2898,6467,381,1102,1263,1728,1040,2376,3416,1768,613,443,1213,1554,2954,6567,1219,1618,417,1222,1016,2292,1912,657,390,1066,1533
115,2003-04,SAC,NBA,82,55,27,3103,6711,601,1498,1626,2044,888,2492,3380,2152,710,325,1137,1586,3140,6921,1333,1780,409,1206,1080,2521,1743,651,413,1175,1817
15,2003-04,SAS,NBA,82,57,25,2842,6434,408,1140,1409,2069,1029,2669,3698,1676,661,537,1203,1667,2613,6388,1372,1844,311,951,909,2459,1419,635,381,1194,1837
252,2003-04,SOK,NBA,82,37,45,2939,6590,723,1936,1363,1782,907,2318,3225,1782,661,387,1188,1784,2980,6622,1570,2028,486,1394,1068,2430,1728,629,386,1158,1658
180,2003-04,TOR,NBA,82,33,49,2654,6348,461,1294,1237,1650,830,2419,3249,1574,604,402,1164,1748,2722,6365,1536,2055,273,889,1034,2662,1518,590,333,1137,1619
261,2003-04,UTA,NBA,82,42,40,2690,6172,252,786,1639,2196,1103,2272,3375,1671,583,494,1365,2096,2541,5879,1874,2431,415,1209,868,2131,1528,666,530,1216,1999
204,2003-04,WAS,NBA,82,25,57,2758,6556,433,1269,1579,2211,1115,2392,3507,1537,733,406,1439,1712,3061,6741,1444,1874,424,1238,1048,2520,1966,787,446,1269,1783
248,2004-05,ATL,NBA,82,13,69,2942,6672,304,973,1417,1994,1100,2335,3435,1614,629,344,1319,2009,3044,6389,1846,2396,467,1232,902,2483,1803,716,484,1235,1777
169,2004-05,BOS,NBA,82,45,37,3046,6511,437,1252,1775,2323,909,2438,3347,1810,667,423,1297,2000,2960,6664,1825,2423,488,1370,1039,2427,1859,714,402,1248,1937
247,2004-05,CHA,NBA,82,18,64,2961,6859,320,881,1487,2096,1083,2335,3418,1794,695,440,1192,1894,3015,6507,1748,2279,442,1224,959,2586,1768,624,446,1304,1857
42,2004-05,CHI,NBA,82,47,35,2849,6592,511,1433,1536,2048,1001,2591,3592,1743,576,369,1371,2028,2763,6548,1716,2305,416,1245,979,2524,1715,685,434,1272,1914
237,2004-05,CLE,NBA,82,42,40,2990,6687,300,904,1634,2174,1117,2352,3469,1851,654,461,1141,1850,2913,6444,1601,2135,422,1122,938,2324,1737,549,419,1226,1770
84,2004-05,DAL,NBA,82,58,24,3058,6691,463,1273,1826,2314,990,2530,3520,1610,708,461,1102,1827,2941,6712,1601,2123,451,1366,1072,2467,1714,584,399,1258,1898
133,2004-05,DEN,NBA,82,49,33,3038,6615,320,940,1765,2313,967,2473,3440,1958,750,489,1224,1878,2950,6606,1632,2189,463,1342,975,2441,1778,636,458,1325,1960
170,2004-05,GSW,NBA,82,34,48,3029,7039,624,1774,1412,1955,1069,2436,3505,1811,642,420,1112,1833,3133,6838,1555,2087,450,1240,1057,2771,1858,570,417,1231,1782
39,2004-05,HOU,NBA,82,51,31,2846,6419,553,1521,1551,1986,874,2601,3475,1733,563,378,1135,1807,2720,6423,1571,2116,454,1343,892,2444,1696,607,335,1091,1773
182,2004-05,IND,NBA,82,44,38,2668,6169,542,1575,1748,2206,868,2418,3286,1489,615,357,1173,1890,2768,6284,1637,2202,391,1071,972,2416,1540,549,398,1177,1883
149,2004-05,LAC,NBA,82,37,45,2924,6368,231,669,1770,2274,980,2455,3435,1901,599,422,1290,1819,2936,6618,1555,2041,485,1317,986,2255,1732,638,393,1128,1934
98,2004-05,LAL,NBA,82,34,48,2895,6629,644,1813,1661,2137,1028,2511,3539,1672,508,344,1176,1794,3141,6928,1507,1931,549,1522,1023,2453,2001,627,420,968,1814
256,2004-05,MEM,NBA,82,45,37,2802,6271,531,1486,1526,2024,887,2307,3194,1716,699,476,1197,1910,2684,6215,1679,2179,426,1215,993,2387,1633,612,476,1279,1852
25,2004-05,MIA,NBA,82,59,23,3097,6368,475,1260,1658,2466,887,2639,3526,1790,528,474,1127,1814,2865,6705,1621,2134,441,1269,922,2397,1620,611,264,1048,2020
194,2004-05,MIL,NBA,82,30,52,2964,6580,325,925,1720,2229,985,2405,3390,1720,529,289,1132,1797,3098,6678,1559,2022,463,1349,935,2413,1953,611,370,1087,1952
48,2004-05,MIN,NBA,82,44,38,3045,6629,395,1145,1449,1820,947,2580,3527,1918,460,447,1079,1774,2967,6776,1413,1880,468,1291,1032,2359,1783,540,323,954,1629
207,2004-05,NJN,NBA,82,42,40,2753,6419,435,1203,1555,2039,855,2387,3242,1772,650,308,1164,1985,2710,6167,1714,2304,485,1319,874,2503,1666,601,402,1303,1880
259,2004-05,NOH,NBA,82,18,64,2718,6556,415,1316,1401,1830,1019,2281,3300,1724,550,310,1217,1883,2847,6299,1644,2122,494,1346,947,2485,1742,634,452,1182,1728
202,2004-05,NYK,NBA,82,33,49,2978,6599,441,1240,1580,2060,965,2393,3358,1665,629,260,1204,1942,3001,6454,1711,2264,464,1276,969,2448,1697,602,389,1222,1736
74,2004-05,ORL,NBA,82,36,46,3034,6679,320,916,1772,2335,1038,2544,3582,1583,633,441,1322,1937,3081,6826,1739,2306,443,1291,1024,2428,1747,698,354,1176,1920
80,2004-05,PHI,NBA,82,43,39,2946,6736,505,1453,1731,2194,909,2536,3445,1710,756,321,1274,1878,2930,6618,1764,2299,565,1560,952,2663,1878,681,383,1372,1929
20,2004-05,PHO,NBA,82,62,20,3351,7018,796,2026,1556,2080,967,2652,3619,1927,572,453,1125,1563,3328,7485,1320,1775,494,1476,1233,2550,1741,627,342,1108,1750
196,2004-05,POR,NBA,82,27,55,2896,6422,420,1161,1409,1944,970,2404,3374,1722,583,544,1308,1703,3056,6842,1397,1851,440,1283,1149,2312,1923,700,414,1098,1670
148,2004-05,SAC,NBA,82,50,32,3203,6978,522,1396,1577,2004,1023,2455,3478,2005,674,316,1073,1685,3186,6941,1485,2011,471,1318,1102,2532,1766,622,365,1196,1761
120,2004-05,SAS,NBA,82,59,23,2923,6450,507,1395,1535,2120,987,2489,3476,1771,613,543,1126,1717,2712,6359,1501,1955,323,881,893,2403,1385,594,421,1246,1891
254,2004-05,SOK,NBA,82,52,30,2882,6498,666,1824,1683,2131,1041,2311,3352,1487,553,338,1113,1944,2932,6382,1591,2124,470,1317,930,2174,1698,508,390,1127,1948
160,2004-05,TOR,NBA,82,33,49,2952,6656,648,1681,1626,2101,844,2444,3288,1670,621,317,1087,1876,3133,6708,1610,2165,435,1222,991,2720,1814,507,360,1188,1795
263,2004-05,UTA,NBA,82,26,56,2828,6301,250,762,1719,2272,1047,2243,3290,1826,541,374,1292,2189,2731,5965,2027,2653,486,1297,859,2230,1592,646,474,1213,2057
222,2004-05,WAS,NBA,82,45,37,2966,6794,514,1498,1795,2476,1133,2374,3507,1563,716,347,1172,1807,3099,6748,1549,2034,521,1432,1017,2510,1885,586,412,1276,1994
266,2005-06,ATL,NBA,82,26,56,2946,6496,424,1154,1656,2207,1069,2232,3301,1625,587,394,1284,2054,3075,6433,1768,2372,444,1205,981,2335,1689,597,422,1227,1855
171,2005-06,BOS,NBA,82,33,49,2951,6322,467,1290,1664,2204,813,2432,3245,1716,578,422,1359,2033,2944,6462,1825,2457,446,1265,910,2369,1763,688,404,1210,1837
262,2005-06,CHA,NBA,82,26,56,2961,6843,428,1261,1593,2186,990,2270,3260,1717,822,354,1167,1960,3065,6410,1683,2283,458,1285,940,2667,1881,577,441,1464,1929
38,2005-06,CHI,NBA,82,41,41,3004,6737,560,1477,1452,1967,906,2602,3508,1804,508,345,1224,2038,2773,6515,1921,2472,501,1428,881,2541,1652,611,420,1228,1883
99,2005-06,CLE,NBA,82,50,32,2908,6412,497,1465,1689,2318,959,2511,3470,1560,567,392,1137,1733,2949,6481,1462,1970,459,1291,807,2421,1666,540,357,1079,1842
172,2005-06,DAL,NBA,82,60,22,2948,6375,416,1113,1818,2322,1030,2431,3461,1473,593,488,1112,1834,2801,6319,1626,2163,404,1120,935,2209,1433,536,400,1151,1958
122,2005-06,DEN,NBA,82,44,38,3078,6672,350,1076,1721,2312,903,2486,3389,1921,698,463,1216,1863,3070,6764,1538,2090,530,1480,965,2469,1959,586,436,1323,1911
240,2005-06,DET,NBA,82,64,18,2983,6558,557,1451,1418,1950,975,2347,3322,1971,580,490,931,1513,2915,6450,1235,1677,329,1012,951,2399,1541,481,285,1145,1726
123,2005-06,GSW,NBA,82,34,48,2939,6785,625,1832,1573,2190,980,2485,3465,1694,604,357,1156,1941,3047,6674,1624,2187,469,1335,985,2662,1828,576,409,1258,1919
56,2005-06,HOU,NBA,82,34,48,2708,6252,469,1414,1502,1980,849,2565,3414,1580,588,320,1193,1863,2708,6310,1560,2135,541,1465,874,2477,1647,582,373,1094,1716
61,2005-06,IND,NBA,82,41,41,2786,6274,536,1536,1591,2158,898,2559,3457,1631,598,409,1254,1821,2831,6504,1511,2060,371,1083,968,2416,1520,661,399,1112,1800
6,2005-06,LAC,NBA,82,47,35,2993,6443,290,843,1694,2142,828,2704,3532,1708,534,503,1185,1872,2887,6638,1593,2175,474,1367,858,2432,1765,570,355,1053,1777
121,2005-06,LAL,NBA,82,45,37,2992,6607,552,1583,1618,2172,970,2488,3458,1734,628,350,1143,1894,2945,6547,1585,2123,474,1342,893,2399,1730,536,354,1158,1925
214,2005-06,MEM,NBA,82,49,33,2746,6125,590,1578,1476,2077,834,2379,3213,1586,600,442,1134,1757,2691,6172,1465,1942,408,1223,927,2404,1605,597,456,1213,1867
13,2005-06,MIA,NBA,82,52,30,3039,6355,497,1441,1616,2310,858,2675,3533,1692,522,442,1186,1871,2871,6529,1642,2223,490,1359,826,2359,1596,560,298,1063,1937
156,2005-06,MIL,NBA,82,40,42,2976,6566,507,1335,1561,2115,929,2448,3377,1769,597,270,1197,1902,2972,6383,1671,2237,490,1385,832,2475,1847,606,414,1182,1937
178,2005-06,MIN,NBA,82,33,49,2888,6340,310,942,1436,1895,811,2422,3233,1716,559,471,1189,1889,2852,6474,1525,2072,447,1229,974,2411,1554,539,374,1139,1736
78,2005-06,NJN,NBA,82,49,33,2778,6317,477,1447,1658,2187,822,2539,3361,1884,558,278,1119,1903,2730,6222,1654,2232,465,1336,787,2599,1641,589,329,1177,1889
215,2005-06,NOH,NBA,82,38,44,2831,6428,300,885,1649,2176,918,2379,3297,1519,611,311,1095,1786,2883,6286,1530,2014,546,1486,860,2498,1584,527,432,1197,1910
231,2005-06,NYK,NBA,82,23,59,2822,6206,320,884,1878,2587,1034,2360,3394,1468,555,271,1449,2157,2967,6359,1868,2480,565,1495,883,2280,1744,674,437,1154,2079
197,2005-06,ORL,NBA,82,36,46,2911,6167,299,796,1663,2277,892,2402,3294,1495,532,362,1240,1908,2870,6327,1672,2285,460,1287,911,2239,1644,615,386,1099,1899
175,2005-06,PHI,NBA,82,38,44,3001,6546,375,1031,1770,2330,873,2425,3298,1653,651,404,1159,1712,3100,6699,1609,2111,498,1420,974,2533,1882,630,386,1269,1898
21,2005-06,PHO,NBA,82,54,28,3430,7167,837,2097,1189,1475,778,2650,3428,2179,549,412,1088,1683,3243,7141,1429,1956,516,1423,1028,2735,1546,591,282,1218,1623
267,2005-06,POR,NBA,82,21,61,2791,6267,364,1042,1339,1944,886,2203,3089,1490,529,435,1205,1828,3032,6472,1498,1971,498,1306,1029,2445,1737,592,403,1060,1704
134,2005-06,SAC,NBA,82,44,38,2954,6500,494,1408,1704,2173,852,2473,3325,1825,608,299,1199,1672,3053,6726,1412,1891,462,1316,953,2503,1733,656,403,1199,1886
69,2005-06,SAS,NBA,82,63,19,2993,6342,524,1362,1327,1891,851,2548,3399,1717,543,467,1126,1714,2782,6420,1414,1912,300,886,886,2417,1336,599,343,1136,1709
265,2005-06,SOK,NBA,82,35,47,3077,6711,605,1631,1652,2104,1013,2233,3246,1696,622,306,1208,1933,3202,6596,1713,2255,542,1445,1003,2316,1973,598,399,1194,1820
258,2005-06,TOR,NBA,82,27,55,3013,6639,608,1620,1653,2089,864,2291,3155,1593,529,272,1071,1965,3164,6448,1696,2267,508,1363,835,2539,1938,518,359,1165,1834
212,2005-06,UTA,NBA,82,41,41,2744,6207,311,925,1774,2466,1071,2380,3451,1772,524,492,1290,2032,2730,6077,1839,2466,490,1297,871,2237,1511,663,463,1166,2104
242,2005-06,WAS,NBA,82,42,40,2975,6656,497,1394,1889,2496,1035,2344,3379,1523,658,339,1143,1855,3014,6477,1655,2222,501,1379,964,2477,1766,537,341,1326,2075
253,2006-07,ATL,NBA,82,30,52,2831,6372,341,1038,1677,2203,976,2312,3288,1573,609,446,1306,1970,2953,6335,1699,2315,465,1236,948,2370,1732,597,421,1247,1853
205,2006-07,BOS,NBA,82,24,58,2858,6454,471,1283,1670,2178,918,2391,3309,1630,589,382,1350,1971,2966,6337,1776,2376,429,1212,848,2476,1811,604,449,1250,1757
241,2006-07,CHA,NBA,82,33,49,2960,6643,457,1280,1568,2136,920,2346,3266,1836,638,369,1224,1985,2999,6450,1802,2404,452,1245,929,2562,1717,603,437,1296,1786
40,2006-07,CHI,NBA,82,49,33,3046,6663,480,1237,1528,2083,984,2597,3581,1832,639,445,1310,1908,2793,6416,1619,2219,484,1387,897,2456,1675,614,433,1429,1900
85,2006-07,CLE,NBA,82,50,32,2978,6658,494,1404,1484,2133,1039,2529,3568,1708,625,353,1177,1781,2838,6337,1539,2096,405,1231,807,2461,1649,540,349,1254,1804
94,2006-07,DAL,NBA,82,67,15,3010,6442,535,1404,1646,2045,920,2515,3435,1632,560,408,1140,1837,2790,6241,1654,2216,375,1074,839,2286,1471,565,312,1190,1811
63,2006-07,DEN,NBA,82,45,37,3164,6805,484,1440,1827,2449,1001,2558,3559,1920,678,435,1352,1756,3257,7087,1438,1945,554,1569,1005,2462,2010,680,424,1343,1946
221,2006-07,DET,NBA,82,53,29,2942,6484,449,1305,1539,1988,948,2374,3322,1768,583,472,1001,1672,2819,6337,1484,2006,409,1205,973,2403,1647,521,290,1205,1668
146,2006-07,GSW,NBA,82,42,40,3261,7048,700,1966,1515,2113,940,2456,3396,1950,750,466,1309,1933,3171,6870,1814,2419,609,1664,1074,2733,2023,680,399,1525,1832
14,2006-07,HOU,NBA,82,52,30,2906,6528,705,1893,1436,1906,880,2673,3553,1704,583,337,1162,1710,2793,6503,1497,2000,472,1346,800,2548,1588,571,353,1163,1631
163,2006-07,IND,NBA,82,35,47,2872,6561,481,1389,1615,2125,990,2441,3431,1680,599,447,1335,1912,2931,6416,1741,2311,437,1175,915,2498,1642,644,410,1288,1942
124,2006-07,LAC,NBA,82,40,42,2880,6318,314,903,1769,2245,888,2484,3372,1762,596,472,1239,1858,2912,6436,1602,2142,455,1341,843,2377,1722,582,321,1132,1829
112,2006-07,LAL,NBA,82,42,40,3103,6664,608,1724,1660,2221,886,2495,3381,1850,600,421,1273,1889,3097,6719,1763,2320,523,1462,955,2508,1798,649,409,1208,1916
220,2006-07,MEM,NBA,82,22,60,2998,6448,500,1362,1835,2410,866,2375,3241,1680,564,407,1343,1827,3287,6761,1603,2113,576,1480,965,2483,2062,681,450,1253,1992
87,2006-07,MIA,NBA,82,44,38,2919,6288,528,1539,1393,2019,817,2526,3343,1681,566,442,1201,1749,2895,6517,1513,2039,531,1495,921,2467,1656,562,314,1185,1790
260,2006-07,MIL,NBA,82,28,54,3121,6714,524,1472,1406,1919,941,2272,3213,1771,587,224,1240,1821,3201,6673,1564,2109,565,1537,1062,2468,2077,615,433,1284,1718
131,2006-07,MIN,NBA,82,32,50,2997,6503,384,1089,1499,1892,819,2474,3293,1848,532,325,1278,1758,3075,6689,1510,1987,518,1487,958,2437,1782,583,360,1163,1679
88,2006-07,NJN,NBA,82,41,41,2913,6379,609,1676,1566,2153,822,2525,3347,1962,499,273,1212,1869,2911,6476,1723,2261,519,1455,867,2526,1805,584,369,1188,1886
97,2006-07,NOH,NBA,82,39,43,2971,6674,455,1256,1436,1941,1025,2512,3537,1537,522,347,1187,1620,3004,6579,1395,1839,559,1575,853,2493,1703,554,391,1119,1733
93,2006-07,NYK,NBA,82,33,49,2903,6356,474,1370,1714,2396,1032,2516,3548,1532,543,260,1405,1932,3021,6566,1613,2136,573,1523,885,2297,1748,616,406,1122,1875
181,2006-07,ORL,NBA,82,40,42,2875,6090,342,962,1679,2393,920,2418,3338,1525,565,416,1392,1904,2739,6191,1768,2327,461,1306,865,2217,1609,678,376,1232,1921
236,2006-07,PHI,NBA,82,35,47,2932,6408,284,823,1637,2135,899,2353,3252,1669,590,390,1258,1671,3039,6570,1452,1926,503,1424,969,2404,1825,606,320,1280,1801
47,2006-07,PHO,NBA,82,61,21,3388,6855,785,1965,1476,1827,737,2583,3320,2122,553,394,1189,1659,3238,7087,1458,1902,504,1387,1008,2504,1548,566,304,1242,1759
257,2006-07,POR,NBA,82,32,50,2874,6392,426,1232,1543,2006,923,2299,3222,1513,555,380,1236,1931,2962,6292,1678,2157,467,1293,850,2347,1703,539,380,1127,1750
199,2006-07,SAC,NBA,82,33,49,2941,6532,530,1513,1891,2473,797,2396,3193,1665,671,265,1194,1792,3147,6671,1600,2115,557,1524,907,2648,1840,572,405,1335,1990
49,2006-07,SAS,NBA,82,58,24,2999,6328,595,1561,1486,1980,761,2577,3338,1814,587,417,1137,1588,2860,6462,1300,1756,368,1101,828,2379,1416,579,337,1176,1739
251,2006-07,SOK,NBA,82,31,51,3047,6628,525,1451,1511,1911,928,2322,3250,1695,631,301,1268,1801,3126,6568,1596,2124,519,1437,954,2408,1870,590,341,1233,1635
127,2006-07,TOR,NBA,82,47,35,3032,6547,531,1464,1562,1982,755,2480,3235,1822,581,321,1104,1672,3051,6593,1441,1911,533,1491,848,2641,1742,489,317,1241,1786
147,2006-07,UTA,NBA,82,51,31,3069,6471,354,1056,1830,2462,1030,2456,3486,2024,577,339,1277,2067,2819,6191,1943,2534,506,1424,813,2223,1552,623,438,1230,2010
213,2006-07,WAS,NBA,82,41,41,3070,6820,561,1614,1855,2425,998,2379,3377,1660,635,375,1133,1823,3166,6700,1668,2146,598,1585,973,2551,1942,519,380,1291,1927
150,2007-08,ATL,NBA,82,37,45,2975,6552,384,1078,1720,2227,1008,2454,3462,1804,600,448,1223,1673,3115,6733,1461,1943,512,1413,968,2386,1825,615,421,1079,1793
33,2007-08,BOS,NBA,82,66,16,2986,6286,596,1564,1677,2176,830,2615,3445,1833,696,379,1246,1864,2657,6341,1605,2160,485,1535,899,2290,1539,594,389,1256,1818
164,2007-08,CHA,NBA,82,32,50,2960,6554,529,1443,1510,2115,892,2440,3332,1748,614,402,1204,1777,3115,6684,1571,2102,517,1456,999,2588,1785,625,476,1132,1721
128,2007-08,CHI,NBA,82,33,49,2987,6861,474,1305,1533,2029,1050,2478,3528,1811,635,429,1197,1784,2982,6583,1699,2217,571,1522,914,2582,1794,648,465,1201,1746
58,2007-08,CLE,NBA,82,45,37,2937,6697,552,1544,1477,2061,1092,2563,3655,1640,579,427,1145,1712,2939,6462,1548,2070,506,1419,814,2500,1721,559,388,1052,1666
24,2007-08,DAL,NBA,82,51,31,3025,6515,494,1403,1690,2075,883,2643,3526,1720,490,402,1037,1786,2903,6551,1648,2168,408,1168,882,2419,1547,536,357,949,1739
8,2007-08,DEN,NBA,82,50,32,3307,7038,569,1605,1891,2519,918,2698,3616,2024,752,551,1203,1731,3334,7303,1481,2028,621,1710,1042,2680,2107,644,393,1282,1950
176,2007-08,DET,NBA,82,59,23,2999,6551,487,1330,1507,1965,974,2423,3397,1831,583,472,956,1688,2727,6239,1523,2047,409,1233,865,2344,1563,477,319,1047,1618
110,2007-08,GSW,NBA,82,48,34,3403,7406,761,2185,1538,2044,1045,2496,3541,1833,744,377,1082,1875,3273,6998,1806,2378,572,1556,1053,2803,1939,567,413,1325,1736
19,2007-08,HOU,NBA,82,55,27,3003,6698,583,1707,1342,1848,1002,2659,3661,1757,598,420,1125,1609,2852,6594,1410,1912,433,1186,894,2441,1548,622,379,1061,1615
27,2007-08,IND,NBA,82,36,46,3102,6993,755,2021,1568,2042,904,2633,3537,1864,623,412,1236,1921,3093,6817,1850,2443,606,1571,929,2800,1820,663,416,1233,1782
118,2007-08,LAC,NBA,82,23,59,2820,6445,350,1079,1702,2178,800,2491,3291,1732,557,398,1180,1745,3114,6670,1574,2096,486,1393,916,2657,1834,590,389,1080,1773
4,2007-08,LAL,NBA,82,57,25,3248,6818,662,1751,1746,2270,898,2722,3620,2003,654,438,1156,1691,3127,7022,1501,1995,554,1531,988,2521,1793,634,368,1124,1850
54,2007-08,MEM,NBA,82,22,60,3060,6737,620,1779,1517,2097,848,2567,3415,1574,503,386,1251,1592,3394,7076,1387,1791,591,1625,932,2721,1963,711,403,1055,1842
243,2007-08,MIA,NBA,82,15,67,2808,6336,491,1373,1384,1903,743,2342,3085,1644,589,355,1202,1670,3029,6477,1590,2105,552,1497,916,2617,1817,631,341,1104,1650
230,2007-08,MIL,NBA,82,26,56,3026,6745,452,1313,1452,1980,1055,2363,3418,1760,544,361,1210,1748,3147,6562,1639,2141,588,1530,872,2464,1913,647,404,1081,1727
174,2007-08,MIN,NBA,82,22,60,3076,6817,441,1259,1246,1693,964,2428,3392,1630,616,306,1188,1885,3056,6481,1742,2266,541,1516,871,2545,1899,610,468,1064,1434
89,2007-08,NJN,NBA,82,34,48,2856,6450,498,1430,1647,2237,913,2520,3433,1925,521,390,1229,1855,2982,6543,1774,2311,534,1448,896,2517,1810,662,362,1050,1836
113,2007-08,NOH,NBA,82,56,26,3164,6796,630,1621,1312,1707,937,2494,3431,1785,637,321,974,1531,3038,6604,1217,1579,544,1552,815,2533,1779,470,331,1089,1573
144,2007-08,NYK,NBA,82,23,59,2967,6757,490,1454,1524,2095,1029,2457,3486,1530,521,213,1187,1761,3184,6711,1535,2078,587,1592,924,2573,1773,621,429,1012,1665
12,2007-08,ORL,NBA,82,52,30,3058,6446,801,2074,1650,2288,768,2677,3445,1706,520,333,1173,1688,3057,6855,1489,1975,516,1441,899,2520,1764,581,344,1043,1898
223,2007-08,PHI,NBA,82,40,42,3056,6648,302,952,1509,2137,1067,2370,3437,1673,712,400,1172,1620,3000,6504,1332,1726,557,1549,923,2293,1903,550,420,1226,1708
11,2007-08,PHO,NBA,82,55,27,3392,6782,694,1764,1548,1977,720,2683,3403,2188,532,518,1184,1633,3368,7384,1407,1879,469,1329,1101,2498,1607,601,311,1051,1731
168,2007-08,POR,NBA,82,41,41,2935,6546,538,1426,1412,1841,901,2438,3339,1733,455,360,1056,1642,2983,6616,1401,1828,533,1499,957,2465,1714,488,301,991,1656
145,2007-08,SAC,NBA,82,38,44,3043,6558,510,1367,1812,2272,829,2456,3285,1567,651,334,1317,1839,3137,6731,1722,2287,597,1599,970,2465,1878,661,452,1204,1892
35,2007-08,SAS,NBA,82,56,26,2938,6424,594,1610,1350,1774,771,2612,3383,1718,521,337,1035,1537,2857,6431,1293,1710,420,1227,776,2527,1490,566,361,1009,1625
10,2007-08,SOK,NBA,82,20,62,3125,7032,313,939,1436,1866,971,2688,3659,1748,531,400,1310,1680,3288,7136,1534,2048,607,1576,961,2655,1997,706,440,1033,1610
111,2007-08,TOR,NBA,82,41,41,3148,6726,572,1459,1347,1658,790,2496,3286,1953,570,336,959,1596,3007,6569,1344,1732,619,1683,830,2583,1797,470,333,1092,1508
191,2007-08,UTA,NBA,82,54,28,3279,6592,407,1095,1745,2298,942,2410,3352,2165,717,355,1200,1970,2896,6286,1848,2468,506,1419,844,2256,1629,619,420,1262,1891
195,2007-08,WAS,NBA,82,43,39,2986,6695,575,1614,1557,1991,1007,2404,3411,1607,632,391,1082,1606,3015,6537,1418,1880,683,1768,900,2478,1958,529,360,1102,1656
188,2008-09,ATL,NBA,82,47,35,2956,6451,597,1633,1537,2085,870,2412,3282,1657,603,376,1048,1610,3002,6610,1385,1800,528,1496,956,2481,1705,530,354,1121,1681
46,2008-09,BOS,NBA,82,62,20,3075,6333,538,1355,1587,2075,869,2586,3455,1862,621,387,1280,1897,2763,6418,1626,2110,507,1452,834,2249,1553,585,389,1195,1820
226,2008-09,CHA,NBA,82,35,47,2866,6299,490,1339,1455,1965,886,2366,3252,1741,580,397,1279,1754,2883,6349,1457,1928,558,1526,877,2310,1604,626,488,1206,1714
126,2008-09,CHI,NBA,82,41,41,3126,6846,493,1293,1633,2052,970,2481,3451,1732,615,453,1192,1709,3141,6864,1633,2077,486,1400,1017,2491,1723,622,449,1177,1708
50,2008-09,CLE,NBA,82,66,16,3022,6454,656,1670,1523,2012,886,2574,3460,1663,593,435,1045,1663,2775,6444,1459,1895,482,1447,878,2310,1568,519,338,1137,1664
41,2008-09,DAL,NBA,82,50,32,3128,6770,571,1632,1516,1852,909,2595,3504,1779,591,429,1043,1600,3071,6752,1522,1906,517,1379,884,2509,1611,589,334,1064,1645
103,2008-09,DEN,NBA,82,54,28,3058,6510,548,1477,1891,2487,905,2507,3412,1820,710,492,1257,1874,2966,6738,1742,2228,601,1643,991,2391,1756,648,447,1265,1944
157,2008-09,DET,NBA,82,39,43,2981,6559,377,1079,1388,1849,949,2448,3397,1689,493,377,973,1712,2876,6380,1580,2039,435,1228,861,2453,1651,461,342,964,1612
116,2008-09,GSW,NBA,82,29,53,3231,7055,550,1475,1893,2392,953,2492,3445,1711,638,527,1201,1842,3401,7273,1828,2346,582,1531,1164,2695,1980,646,414,1229,1927
16,2008-09,HOU,NBA,82,53,29,2959,6526,621,1656,1531,1903,862,2662,3524,1662,548,355,1158,1553,2991,6735,1296,1730,464,1298,873,2398,1620,588,435,1022,1689
18,2008-09,IND,NBA,82,36,46,3220,7080,652,1725,1525,1890,924,2661,3585,1775,573,434,1189,1895,3141,6862,1857,2431,569,1519,909,2708,1731,635,444,1151,1692
217,2008-09,LAC,NBA,82,19,63,2955,6696,535,1513,1354,1839,890,2377,3267,1723,572,482,1221,1650,3218,6805,1546,2035,536,1431,962,2653,1951,652,414,1093,1609
44,2008-09,LAL,NBA,82,65,17,3307,6981,547,1516,1607,2087,1015,2587,3602,1908,718,420,1103,1698,3050,6825,1454,1931,586,1700,959,2440,1854,635,392,1284,1816
244,2008-09,MEM,NBA,82,24,58,2865,6311,398,1106,1570,2077,847,2337,3184,1423,615,385,1252,1777,3018,6378,1574,2043,536,1510,842,2431,1735,632,443,1194,1786
190,2008-09,MIA,NBA,82,43,39,3034,6646,582,1631,1411,1871,828,2411,3239,1671,651,451,1026,1696,2920,6412,1609,2086,591,1519,896,2536,1646,528,335,1246,1632
225,2008-09,MIL,NBA,82,34,48,3009,6755,511,1408,1613,2067,973,2367,3340,1802,609,308,1154,1986,2854,6233,1961,2480,562,1486,831,2527,1730,616,376,1350,1842
162,2008-09,MIN,NBA,82,24,58,2986,6766,543,1539,1504,1957,975,2442,3417,1674,512,322,1165,1785,3109,6561,1668,2145,536,1420,813,2539,1765,610,484,1028,1642
186,2008-09,NJN,NBA,82,34,48,2925,6536,652,1735,1542,1980,850,2415,3265,1636,559,391,1075,1838,2953,6385,1738,2281,600,1536,872,2523,1793,567,393,1103,1680
151,2008-09,NOH,NBA,82,49,33,2911,6366,556,1526,1479,1833,802,2453,3255,1609,593,338,1029,1665,2851,6329,1453,1879,575,1625,822,2459,1649,476,289,1089,1675
71,2008-09,NYK,NBA,82,32,50,3157,7091,823,2284,1490,1900,911,2545,3456,1738,610,204,1174,1672,3378,7041,1514,1998,571,1625,954,2826,1774,654,437,1188,1592
3,2008-09,ORL,NBA,82,59,23,2929,6416,817,2147,1611,2253,819,2728,3547,1593,570,439,1142,1664,2936,6785,1421,1882,444,1297,864,2591,1488,564,308,1072,1840
245,2008-09,PHI,NBA,82,41,41,2997,6532,341,1072,1652,2216,1039,2336,3375,1647,658,415,1157,1650,2997,6489,1402,1792,585,1595,935,2285,1799,575,400,1278,1786
90,2008-09,PHO,NBA,82,46,36,3373,6695,553,1445,1675,2251,900,2520,3420,1905,589,420,1288,1691,3278,7025,1634,2108,626,1635,993,2351,1741,706,369,1165,1877
232,2008-09,POR,NBA,82,54,28,3018,6494,596,1555,1521,1988,1060,2360,3420,1667,550,402,1055,1671,2899,6302,1430,1780,487,1301,786,2190,1590,514,319,1082,1733
227,2008-09,SAC,NBA,82,17,65,2990,6685,586,1594,1682,2107,840,2366,3206,1619,569,349,1266,1910,3281,6792,1824,2412,580,1430,1018,2592,1796,704,423,1179,1737
26,2008-09,SAS,NBA,82,54,28,3042,6534,625,1620,1249,1641,728,2638,3366,1736,474,329,963,1546,2973,6568,1257,1635,447,1180,745,2570,1481,531,351,961,1511
108,2008-09,SOK,NBA,82,23,59,2999,6716,328,949,1626,2069,999,2497,3496,1663,608,371,1330,1655,3230,6800,1468,1930,524,1439,884,2496,1769,697,407,1140,1656
96,2008-09,TOR,NBA,82,33,49,3054,6673,479,1289,1534,1861,802,2513,3315,1835,523,390,1098,1593,3172,6827,1379,1759,629,1716,895,2539,1887,521,386,1093,1645
177,2008-09,UTA,NBA,82,48,34,3143,6623,392,1122,1814,2352,940,2423,3363,2024,719,374,1210,1830,3019,6509,1703,2233,534,1479,908,2393,1640,658,423,1323,1972
250,2008-09,WAS,NBA,82,19,63,2994,6655,395,1198,1494,1948,956,2330,3286,1641,619,365,1146,1679,3164,6565,1487,1959,674,1740,934,2491,3425,2015,593,431,1140